ETROC,LGAD
W07D3-64,FBK_LF-W14_25
W07D3-56,FBK_LF-W14_26
W07D3-42,FBK_LF-W14_11
W07D3-27,FBK_LF-W14_12
W07D3-28,FBK_LF-W14_13
W07D3-29,FBK_LF-W14_14
W07D3-32,FBK_LF-W14_15
W07D3-21,FBK_LF-W14_16
W07D3-20,FBK_LF-W14_17
W07D3-115,HPK-W3_19
W07D3-112,HPK-W3_20
W07D3-110,HPK-W3_21
W07D3-108,HPK-W3_22
W07D3-104,HPK-W3_23
W07D3-88,HPK-W3_24
W07D3-77,HPK-W7_1
W07D3-70,HPK-W7_2
W07D3-69,HPK-W7_3
W04F2-40,FBK_LF-W14_30
W04F2-37,FBK_LF-W14_32
W04F2-36,FBK_LF-W14_33
W04F2-34,FBK_LF-W14_34
W04F2-33,FBK_LF-W14_20
W04F2-25,FBK_LF-W14_21
W04F2-26,FBK_LF-W14_22
W04F2-27,FBK_LF-W14_23
W04F2-28,FBK_LF-W14_24
W04F2-61,HPK-W2_21
W04F2-60,HPK-W2_22
W04F2-59,HPK-W2_23
W04F2-45,HPK-W2_24
W04F2-52,HPK-W3_1
W04F2-53,HPK-W3_2
W04F2-54,HPK-W3_4
W04F2-55,HPK-W3_5
W04F2-44,HPK-W3_6
W07D3-18,HPK-W3_8
W07D3-17,HPK-W3_9
W07D3-15,HPK-W3_10
W07D3-14,HPK-W3_11
W07D3-13,HPK-W3_13
W07D3-12,HPK-W3_14
W07D3-5,HPK-W3_16
W07D3-6,HPK-W3_17
W07D3-8,HPK-W3_18